cross_id,x,y,pass_end_x,pass_end_y
1,89.6,9.5,91.7,39.7
2,83.5,89.6,95.9,51.3
7,94.6,81.1,93.8,76.7
8,84.9,2.9,85.1,48.8
9,99.1,70.9,98.2,68.7
10,84.9,73.2,92.4,47.2
11,88,75.6,88.2,44.7
12,98.8,82,94.8,49.4
13,87.7,82,89.7,50
14,96.1,84.1,95.2,58.8
15,78.7,8.2,89.8,30.6
16,93,85.3,90.9,46.6
17,95.7,24.6,96.4,35.7
19,91,18.2,97.4,49
21,99.5,16.7,96.9,51
22,92.5,83.9,92.8,79.9
24,90.3,23.7,92.3,60.6
25,84.9,15.5,89.1,44.5
27,92.6,83.6,92.6,80.6
30,81.9,90.3,90.4,58.2
31,85,83.6,88.2,59.9
33,75.2,90.7,95.9,49.7
36,79.8,84.8,86.2,56.9
37,79.6,26.2,85.5,38.2
38,88.3,87.7,95.4,53.7
39,90.7,8,86.7,38.5
40,94.6,14.7,91.6,32.6
42,88.2,81.2,90,44.8
43,95.4,76,95.6,73.5
45,75.3,94.2,92.3,52.8
46,88.9,86.2,91.4,40
47,96.5,75.6,96.4,53.1
48,79.1,81.8,94.7,24.6
49,98.6,82.1,92,46
50,98.4,27.4,97.6,29.7
51,86.2,15.2,91.8,44.3
52,95.9,72.4,96.8,53.1
54,96.3,8.7,81.8,67.2
55,90.9,70.6,89.6,46
56,99.2,61.7,99.2,59.7
57,97.3,89.1,90.5,43.6
60,91.2,88.2,91.2,68.4
65,94.4,76.9,96,38.8
68,97.5,97.4,95.2,56.4
69,88.4,10.2,92.3,44.8
70,81.5,16.7,91.7,52.3
72,70.4,94.7,88.4,62.1
73,97.5,19.8,88.4,58
74,98.2,19.9,94.1,32.6
75,84.8,22.8,91.9,48.5
78,78.2,17.1,95.7,62
79,91.7,85,93.4,55.2
80,98.6,82.6,94.2,55.3
81,98.1,85.5,91.1,46.9
82,84.9,19.2,88.1,47.8
83,89.5,17.2,88.8,28.1
86,86.5,19.8,86.9,26.7
88,89.4,77.3,96.4,51.8
91,89,22.8,88.3,47.5
92,91.8,17.9,87.3,47
93,84.5,79.1,90.9,45.2
94,88,78.2,89.9,35.6
95,87.2,26.3,87.8,56.3
97,76.1,97.7,85.9,62.9
103,72,68.3,92.5,50.9
104,86.6,81.2,93.4,51.7
105,87.7,23.7,88.6,28.8
108,71.7,5.6,82.5,29.8
109,92.9,70.5,93.7,49.7
110,75.8,84.2,94.7,49.4
111,89.5,20.7,95.1,52.3
112,85.2,74.5,85.5,71.2
113,85.1,18.3,96.9,75.3
115,89.9,8.6,93.4,56
116,77.6,93.1,85.8,57.2
117,84.4,5.1,98,47.1
118,99,76.8,98.3,75.2
119,80.4,19,90.7,45.8
121,79.4,3.6,90.5,44.7
124,98.5,83.3,93.5,69
125,88.8,25.5,90.4,29
127,92.1,19,96,40.9
128,96.4,75.2,92.6,45.6
129,71.7,93.5,90.8,51.9
131,74.6,87.5,86.4,56.4
133,90.4,82,93.4,49.6
136,61.2,88.7,86.2,56.3
137,85.1,25.2,86,27.3
138,89.7,18,87.9,48.2
139,69,22.4,90.5,53.7
140,88.5,74.4,91.2,53
141,98.5,25,97.9,27.6
144,95.6,28.5,91.6,53
145,80.6,83.9,96.2,46.7
146,78.6,25,79.4,26.7
147,94.4,27.1,93.9,30.9
149,98.7,84.7,98.1,70.9
151,98.2,80.9,97.9,74.2
153,92.6,74.1,92.9,71.2
154,85.5,95.4,92.6,51.5
158,91.6,25,89.9,38.9
159,73.9,78.4,89.5,60.6
160,94.7,76.9,94.8,74.8
163,98.8,82.3,85.4,54.5
164,92.9,72.6,93.6,70.5
171,98.1,30.3,97.9,31.3
172,97,73.9,97,70.9
173,94.4,22.8,96.3,41.9
175,84.2,5,93.2,41
178,70.7,88.7,87.7,53.1
179,93.8,88.6,94.1,68.2
181,91.9,24.3,93.9,43.3
182,88.4,93,96.4,38
184,92.7,95.9,90,54.6
189,98.2,76.9,88.6,46.3
190,76.8,14.1,84.3,46.6
191,74.4,95,86.1,55.2
192,97.2,89.4,92.3,45.8
193,83.5,94.1,91.8,61.1
194,79.1,20.7,90.5,58.1
197,97.3,80.9,96.3,56.3
199,75.7,23.4,85.8,59.4
200,89.7,14,93.4,47.9
201,87.1,14.6,87.1,54.8
202,96.1,81.4,94.9,53.4
204,81.8,7.9,87.9,47.2
205,91.6,75.3,92.1,50.3
206,93.6,87.4,89.8,48.7
207,94.7,24.7,95.4,27.7
209,98.9,75.7,91.7,50.4
210,93,89.7,92.4,51.6
211,83.5,12.3,88.9,53.1
213,90,12.3,87.6,74.4
214,88.6,74.4,92.3,37.9
215,89.2,73,92.6,61.4
217,97.9,78.5,88.3,47.6
218,80.1,73.3,95.1,46
219,93,80.6,93,77.3
221,87.7,74.8,97.6,45.5
223,74.9,24.4,91.8,48.5
225,84.1,85,91,57.5
226,94,9.5,90.8,37.7
227,76.3,20.1,99.1,76.9
228,69.7,84.8,89.7,59.3
229,97.6,14.7,86.7,63
230,93.8,68.5,93.2,66
232,91.6,83,89.1,28.5
235,76.1,17.7,86.9,58.8
238,84.7,93.6,94.6,45.5
239,95.2,18.2,95.3,44
242,97.1,4.6,85.8,48.8
244,95.1,14.9,89.9,43.4
245,91.9,25.5,92.8,30.7
246,89.6,5.6,95.6,68.1
247,96.7,19.5,96.2,45.1
248,87.3,80.3,95.4,52.2
249,93.2,18.3,95.9,42.4
250,90.1,23.1,91.8,41.3
255,91.7,83.6,87.5,41.3
256,96.6,72.9,96.4,54.6
257,96.7,18.6,93.1,53.9
259,94,22.8,96.1,25.5
260,91.9,23.9,96.1,34
261,98,74.5,92.2,47.9
262,95.3,87.7,96.9,53.6
263,96.9,31.8,97.2,45.2
266,80.7,14,89.7,40.6
269,91.2,13.2,92.7,53.1
270,77.5,86.3,88.1,63.6
271,99.7,83.3,92.5,66.1
272,95,76.9,86.5,50.6
273,94.3,20,96.4,38
274,97.6,18.9,97.6,43
276,99,29.1,94.1,52.2
277,81.5,17.9,88,25.5
278,96.9,24.6,73.3,80.5
279,75.8,4.9,90.7,43
281,93.6,72,92.7,59
286,94,23.4,96.4,42.7
287,71.5,3.4,89.7,52.2
288,92.1,14.9,86.8,43.9
290,96.8,2.9,91.4,42.2
291,96.5,27.7,73.8,57.2
293,96.9,18.8,95.9,46.1
294,94.2,92,90.4,55.8
295,84.5,84.8,93.1,51.8
296,94,85.6,96.3,56.7
297,98.7,91.8,96.8,51.3
298,96.2,19.5,97,27.3
299,88.1,22.8,96.4,49.7
301,92.7,88.4,92.6,57.6
302,98.7,18,98.7,22.1
303,89.3,74.4,92.9,48.2
304,97.3,80.2,97.6,72
305,96,77.1,95.6,73.3
306,75.1,22.8,85.9,51.7
307,97.6,10.9,92.1,44.4
309,75.5,23.3,92.7,50.7
311,76.3,97.9,87.2,72.8
312,93.4,22.3,92.8,25.5
313,95.4,73.9,94.7,70.4
315,87.5,5.6,95.8,72.8
317,89,96,91.6,51.3
318,93.1,15,91.3,51.7
319,89.9,76.8,90.6,73.7
320,95.4,77.9,92.7,45.2
321,97,21.8,94.4,35
323,97.5,92.3,96.1,59.4
324,97.2,25.5,96.8,42.5
325,94.6,18.2,93.9,38.2
326,85.6,24.4,93.3,51.7
327,84.7,35,96.1,58.5
330,92.8,73.6,93,71.5
331,97.2,8.2,96.6,64.9
332,81.2,82.3,87.3,55.1
333,94.1,91.2,84.5,53.7
337,71.4,21.5,92.5,41.2
338,99.4,14.3,91.5,40.1
339,98.1,73.9,97.2,53.7
340,75.7,80.2,95.8,52.8
341,77.7,86.3,96.1,46.3
342,96.9,75.1,93.7,68.2
344,92.9,87.7,96.1,53
345,89.8,4.7,92.8,35.5
349,88.2,25.9,97.7,58.8
351,80,98,91.7,54.7
352,79.5,76.8,88.5,55.2
356,91.4,18.5,96.9,47.4
357,88.7,17.7,91.9,57.4
359,97.2,24.8,92.6,44.4
361,93.8,76.9,94.6,75.3
363,90.1,83.9,95.4,60.6
364,96.7,70.9,97.2,54.8
365,99.8,27.1,96.4,46
366,87.9,12.9,91.3,36.1
367,97.2,81.1,85.4,44.8
368,97.4,80.3,93.2,54.3
370,85.4,7.9,88.1,23.1
371,96.9,25,97.7,46.8
372,98.8,7.1,91.7,43.7
373,95.5,75.1,97.9,49.1
374,76.5,3.2,89.3,29.5
375,98,24.9,92.7,58.2
376,74.6,97.4,84.1,62.6
378,95.9,76.6,96.3,74.5
380,92.6,95.9,90,57.3
381,91.2,18.8,92.7,45.2
382,98.1,88.7,92,41
383,96.7,95.7,91.8,55.8
384,85.7,24.6,90.9,43.6
385,92.2,68.5,92.6,66.1
386,88.8,85,91.8,56.4
389,94.7,22,90.3,45.2
390,98.6,14.8,87.7,43.4
391,95.1,4.7,94.7,57.1
393,80.5,97.1,88,60.6
397,93.8,18.8,93,24
399,94.3,94.8,92.6,59.8
400,86.4,97.2,93.6,47.2
401,93,3.4,92,49.9
403,68.8,94.9,90,44
404,83.8,4.4,94.2,46.4
405,99.3,8.3,96.7,41.8
407,89,88.8,98.3,47.2
408,97.1,23.6,92.4,40.6
410,97.8,72.3,95.6,55.3
411,93.6,85.5,82.1,45.4
412,97.2,15,96.8,41.7
416,84.5,95.5,91.5,45.5
417,93.9,4.5,91.4,45.3
420,94,16.9,90.8,41.7
421,72.5,5.9,87.7,39
422,93.6,82.9,91.3,58.8
423,89,96.6,91,54.2
425,75.9,12.3,90.8,40.4
426,99.7,14.2,97.6,46.1
427,91.5,20.3,94.7,56.7
429,75.7,8,91,45.5
430,97.9,72.4,97.4,70.8
433,77.9,92.9,97.2,32.8
434,70.8,73.9,86.5,52.1
435,88.9,84.2,94.9,46.1
436,97.1,29.8,96.8,33.6
438,83.4,18.9,88.8,53.6
439,81.7,80,93.4,48.8
440,88.3,10,92.8,68.7
444,97.2,75.4,92,39.2
445,99.2,26.1,98.7,27.4
449,85.2,96.5,86.2,53.4
451,88.8,13.8,90.4,43.9
452,98.3,29.7,97.8,46.6
453,98.7,17.6,95.7,40.7
454,97.4,14.6,88.4,56.6
455,94.6,84.8,93.2,53.1
456,90.2,14.4,92,41.6
457,88.6,4.7,90.5,38
458,83.1,94.7,96.4,43.6
460,98.3,18,95.6,57.9
465,92.8,11.4,91,57.6
467,95.6,88,92.9,59.3
469,95.1,24,94.9,26.7
471,91.6,18.5,95.3,49.7
473,96.2,18.9,81.8,54
474,87.9,76.6,88.1,54.9
477,96.1,16.7,95.4,23.9
478,88.5,28.9,89,35.3
479,97.3,89,91.9,52.7
480,95.5,82.1,92.4,59.4
481,93.3,12.3,92.2,55.5
482,81.2,78.5,91.5,53.1
483,95.1,18.8,94.6,24.9
491,77,18.8,92.3,46.6
492,97.3,24.4,90.4,59.6
493,97.2,16.4,95.8,42.6
499,90.4,86.1,90.6,21
500,96,80.7,91.1,53.4
503,88.7,81.7,89.2,71.4
504,85.4,17.8,87.2,22.9
505,85,82,90.6,52.1
506,78.4,82.1,88.3,47.2
507,98.7,17.7,86.9,68.8
508,92.3,81.1,92.4,57.6
509,84.2,7,86.5,58.5
510,87.9,12.6,96.8,51.8
511,93,25.3,92.5,28.2
512,85.8,91.8,88.2,80.6
514,88.6,15.5,90.3,51.3
515,96.6,73,96.3,69.5
516,98.6,24.7,95.1,45.5
517,85.2,20.1,91.9,54.8
518,96.7,79.6,94.6,54.9
519,79.6,4.3,88.5,42.1
521,90.5,89,89.9,44.6
523,93,85.7,89.3,50.1
524,90.2,17.4,96.1,48.2
525,85.5,23,97.2,52.2
528,84.5,96.9,96.3,52.4
529,86.8,94.8,91.4,57.5
530,94.2,87,96.7,43.5
535,85.6,92.4,96.8,41.3
537,82,7.9,92.4,53.4
538,86.5,25.2,86.1,29.8
539,95.3,75.7,92.3,57.8
540,74.7,73.3,85.8,51
544,97,18.3,96.4,71.7
545,86,11.4,95.9,80.5
546,72.1,78.7,80.7,38.8
547,74.8,20.4,77.3,24.9
549,82.5,90.9,92.3,55.1
550,91.3,18,91.5,24.6
551,90.5,81.8,91.7,65.7
552,94.7,83.9,97.9,52.2
553,89,22.8,91.3,46.4
554,92.7,22.7,95.6,45.5
557,98.6,75.6,95.7,57
558,96.2,73.8,96.3,71.1
560,93,7.1,96.2,44.9
562,69.9,89.3,91.8,46.4
563,83.7,90.2,90.8,33.3
564,78,96.9,87.8,66.7
565,82.1,19.6,86.8,54
566,84.3,84.7,95,50.7
569,91,87.2,96.2,53.9
571,70.5,13.4,88.1,43.9
572,84.1,95,86.6,63
573,82,90,88,52.5
574,83.7,87.7,86.1,74.8
577,69.9,18,88.3,46.9
579,89.9,91.1,92.3,45.4
581,82.6,91.8,90.9,44.2
582,90.4,81.5,87.4,55.1
583,93.1,76.4,94.7,54.6
584,93,90.8,98,50.4
585,80.6,23.9,87.5,46.9
586,81.2,6.2,92.3,50
588,75.2,16.7,97.9,60.2
590,93.2,1,99.9,35.4
591,74.9,96.5,87.3,55.7
594,86,94.7,94.5,56.6
596,82.9,4.3,91.2,45.2
597,94.3,88.3,92.6,68.7
598,92.8,85.6,92.7,62.6
600,96.6,95,95.3,60.9
602,88.6,15.6,90.9,49.9
603,77,85.7,86.6,50.7
604,90.6,91.1,86.9,47.3
610,96.9,13.4,91,41.9
611,92.1,17.6,91.7,47.5
612,95,4.3,89.8,48.5
613,89.2,4.4,86.1,60
614,87.7,95.3,95.8,47.6
615,96.5,11.9,95.1,54.3
617,72.9,76.4,96.4,30.4
618,75.7,7.4,84.6,39.5
622,79.9,10.8,83.8,51.3
624,96.8,16.4,95.4,65.8
625,79.6,5.5,86.8,69.3
626,96.5,18.2,94.8,45.2
627,84,96.8,89.4,44.3
628,79.7,4.1,84,47.5
629,72.8,85.3,87.2,42.7
630,85.5,18.5,89.3,56.9
631,83.1,12.5,91.9,42.5
632,95.6,91.1,85,54
633,89,6.5,88.1,43.6
635,88.4,8.5,96.7,49.1
636,76.1,6.1,84,43.4
637,89.6,94.8,90.1,51.3
638,86.1,12.3,94.2,59.1
639,76.5,88.7,86.9,51.5
640,75.6,89.6,88.3,56.9
641,82.5,8,88,49.3
642,89.1,9.8,90,41.6
643,82.9,15.9,85.9,28.7
647,85.4,8.8,87.6,42.8
649,91.6,12,93.2,38.2
651,85.2,94.5,98,50.1
652,98.1,18.3,96.4,23.4
654,67.2,97.5,88.2,57.6
655,77.9,2.2,86.7,34.8
659,77.3,83.5,89.6,41.2
660,95.5,14.4,88.8,44.8
661,87.1,89,87.4,63.3
662,89.8,7.3,92,52.1
664,89.5,77.8,93.3,54
665,88,18.6,90.3,57
667,75.9,12.2,87.1,36.4
669,80.8,18,90.6,53.1
670,87.7,90.9,90.9,58.1
671,80.1,92.1,88.6,54.2
672,89.8,92.9,89.7,52.1
675,87.7,89.4,91.3,51.6
680,88.9,80.5,90.4,57.6
681,82.6,95.6,89.1,52.4
683,73.6,92.1,85.2,56.3
684,92.8,96.2,87.8,62.9
685,91.9,12,86.9,41.2
686,80.7,95.9,86.9,45.2
687,86.7,16.1,87,34.9
688,81.2,9.1,89.6,48.8
690,76.8,90.8,83.5,63.1
691,77.8,90.2,98,46
693,80.6,15.5,86.2,55.5
694,94.1,89.7,96.3,51.3
696,88,79.9,87.9,57.3
699,86.8,11.3,88.4,45.4
700,83,88.6,96.7,48.8
701,92.3,88.7,91.7,28.8
703,88.9,86.8,94.3,52.5
704,93.8,6.8,88.5,57.6
705,79.6,95,90.7,63.3
706,86.9,13.1,94.3,60.3
709,97.6,81.7,86.7,43
712,75.9,5.8,93.7,52.2
713,70.9,5.3,87.4,53
714,91.7,10.9,94.3,50.6
715,70.2,5.2,88.1,48.1
717,90.7,12.6,91.2,31
721,80.9,11.7,87.3,48.5
722,81.9,13.2,86.9,57.2
723,73,83.5,88,41.9
724,87.3,89,86.2,39.7
726,74.1,79.7,90.3,48.7
728,86.5,88.3,88.9,50.6
729,93.8,13.4,94.8,25.6
730,89.9,6.7,97.3,70.9
731,79.2,9.7,86.8,42.1
732,89,91.8,90,51.2
733,87.6,4.6,90.7,63.1
734,84,15.3,87.6,61.4
737,91.8,88.6,93.3,28.8
739,81.7,18.6,87.4,63.6
740,78.9,4.7,86.1,43.3
741,79.6,13.1,87,40.4
742,81.8,91.5,91.3,52.4
744,88.5,16.4,81.2,57.9
745,89.8,86.2,97.8,54.5
747,98.3,90.6,97.1,50
749,94.6,18.8,89.3,46.9
751,94.3,18.5,91.8,58.4
753,85.2,96.6,86,49.4
755,90.4,10.6,89.8,45.4
758,78.9,83.8,87.1,43.9
766,94.8,93.6,90.4,48.5
769,94.9,12,91.8,51
770,92.1,72.1,82,23.7
772,95.6,77.5,94.4,59.9
773,97.9,23.6,96.9,26.4
774,94.9,6.4,84.1,47.9
775,88.7,74.5,95.2,46
778,91,22.6,92.5,43.9
779,95.5,96.3,92.1,48.7
784,82.3,7.4,90,36.6
785,97.8,74.8,96.2,54
788,75.9,3.7,94.6,61.2
789,97.6,80.5,93,45.4
790,93.2,89.7,90,58.8
791,93.3,82.4,94.7,54.6
793,85.6,3.8,96.8,46.3
794,97.9,1.7,85.1,46
795,84.7,90.5,91.3,53.1
797,98.1,17.6,90.5,44.9
798,98,20.3,96.8,62.7
799,77.3,85.3,89,57.3
801,90.8,80.6,96.5,35.5
803,96.1,83.9,94.2,62.4
806,97.4,76,95.1,62.7
808,86.7,15.3,88.9,22.2
809,91.6,25,89.7,29.5
810,94.6,94.7,95.4,57
811,99.2,89.7,93.6,54.3
812,90,18.8,87.8,45.4
815,74.9,14.4,88.5,50.9
816,89.9,16.8,88.1,63.6
817,79.7,4,86.7,47.2
819,89,3.4,92.8,38.5
820,91.5,94.4,91.7,44.2
822,86.9,86.2,88.9,38.5
824,83.7,88.6,92.3,48.1
825,66.5,93.2,92.3,51.3
826,84.6,73.9,86.9,40.4
827,79.9,96.7,87.7,62.6
828,93.4,13.4,93.1,35.2
830,94.5,76.4,95.7,52.2
832,96.9,22,97,24.9
834,80.3,96.9,85.8,54.6
836,94.4,24.8,94.2,27.8
837,94.8,23.5,91.7,45
838,76.7,17.1,96,56.3
839,95.3,18.5,95.7,41.6
842,79.2,88.7,92.9,51.7
843,89.4,4.2,92.6,48.2
844,95.4,82.2,90.9,57.5
849,96.6,88,95.9,46
850,94.5,94.1,78.5,30.9
851,97.4,27.1,97.4,30.6
852,84.7,13.4,91.2,54.9
853,96.3,16.7,92.5,44
856,89.9,3.7,92.1,41
857,77.7,2.9,86,53.6
858,74.6,28.6,88.5,42.1
860,82.3,6.1,96.3,48.2
861,91.2,88,94.2,69.3
863,97.5,23.7,90.1,49
865,85.4,8.6,91.8,39.6
868,97.7,19.3,92.3,46
869,70.9,94.4,95.4,47.1
871,91.7,18.5,96,59.6
873,98.6,90.6,95.5,66.1
874,91.1,23.4,91.5,24.7
875,81.7,16.6,92.8,54.7
876,97.6,71.5,98.2,69
877,89.9,22.7,93.3,43.3
879,96.8,24,98.1,45.8
880,98.1,85.6,96.9,68.2
882,94.1,18.6,94.1,24.2
884,78.6,94.2,91.5,53.4
885,95.9,93.1,89.3,57.2
886,88.4,84.5,92.6,47.2
887,95.2,21.3,95.9,25
888,98.9,26.7,95.6,42.9
889,98.5,85.3,90.3,59.8
890,94.4,17.5,96,42.8
891,98.3,12.3,92,44.5
892,86.1,97.1,89.5,66.7
894,94,81.7,91.9,49.1
895,82.7,90.2,92.1,57
896,85.1,4.6,96.3,60.5
897,96.9,24.9,97,26.7
899,97.8,84.5,98.1,53.9
900,96.2,18.8,96.8,46.3
901,76.5,18.3,87.4,66.4
902,72.6,19.8,97.2,66.3
903,94.4,73.1,91.8,42
904,65.8,9.9,89,38.6
905,79.1,96,85,47.2
906,73.4,19.3,90.7,44
907,66.6,7.1,86.7,37.9
908,93.5,11.5,95.8,38.5
909,90,17.5,92.3,28.5
910,92.5,77.5,92.5,74.5
912,75.5,30.2,85.8,59.3
913,78.7,93.6,86.1,66.8
914,73.4,76.7,89.6,33.6
915,91.7,8.2,84.3,73.1
917,90.9,84.9,96.9,50.6
918,96,88.7,97.8,50.6
919,95.4,79.3,94.4,64.7
921,95.1,20.9,94.6,32.6
922,83.2,14.4,97.1,57.2
923,91.6,20.4,95,51.2
924,94.7,74.2,94.5,71.4
925,95.5,87.4,96.5,45.8
926,88.2,6.1,91.1,54.8
927,75.9,20.2,90.3,56.4
928,76.9,26.9,91.5,57.4
929,94.8,16.3,95.5,54.4
931,75.6,79.6,86.7,65.2
932,97.8,70.9,97.3,66.8
934,79.7,85.6,89.3,55
935,90.7,86.8,95.9,32.5
936,90.5,19.2,90.9,28.7
938,95.7,20,95.3,45.5
939,79.4,98.1,90.5,44
941,70.4,79.3,80.4,65.1
942,93.6,24.3,94,26.4
944,73.9,4,96.2,48.8
946,91.4,24.3,91.8,26.7
950,94.3,89.1,90.8,68.1
951,95.2,80.2,91,56.1
953,96.7,81.8,95.3,42.8
954,80.7,20.3,91,58.1
957,95.9,86.5,96.3,52.7
958,72.5,13.7,89.1,43.9
959,81.2,93.6,87.2,58.5
962,94.9,14.3,91.4,42.1
965,90.5,23.5,96.9,46.8
967,94.2,31.6,94.4,35.5
969,96.2,27.1,96.1,30
972,90.7,8.9,87.8,42.5
973,98.8,22.7,95.4,48.2
974,86.6,86.8,90.6,41.5
975,96.4,23.4,95.7,26.7
977,92.2,91.5,93.7,74.2
978,73.8,96.2,95,47.5
980,74.4,18.9,88.5,39.5
981,94.8,17.4,92.4,53.4
982,82.6,14.6,94.1,49.4
983,88.6,82.3,90.9,42.8
984,86.7,93.8,85.9,46.1
987,97.5,70.3,97.3,67.2
989,95.2,75.7,95.2,73.3
992,99,82,96.6,59.6
994,83.5,12.3,96.7,51.8
995,96.3,88.2,97,61.2
997,80.5,27.9,92.6,46.9
998,68.8,82.7,94.5,46.4
999,82.8,7.7,87.4,36.9
1000,71.9,24.9,89.3,47
1001,81,87.7,98.1,47.5
1002,84.7,92.1,90.6,58.2
1003,87,20.6,85.1,48.7
1004,90.2,18.2,90.9,21.2
1006,78.2,93.2,97.1,50
1009,85.2,19.7,91.2,61.1
1013,95.6,88.2,93.7,55.3
1014,81.3,95.1,96.6,51.9
1015,89.7,15.8,93.1,70.5
1017,72.9,86.5,96.6,35.1
1018,68.3,92.3,87.2,54.5
1020,80.9,86.8,88.4,49.9
1022,70.8,17.2,90.9,52.8
1023,75.2,5.9,86,41.3
1024,91.8,86,92.5,80.6
1026,97.6,82.1,96.7,76.6
1028,75.9,25.6,88.1,53.6
1029,81.6,11.6,89.6,39.5
1030,89.5,89.7,91.2,36.1
1035,78.6,16.8,85.2,49.7
1037,83,10.3,98.5,47.2
1038,92.1,82.4,92.8,70
1039,74.4,88.4,87.8,45.5
1041,89.5,93.6,97.2,48.4
1043,85.9,86.2,92.7,44.2
1046,78.3,82.6,92.9,52.1
1047,80.4,5,89.3,40.1
1048,77.6,93.5,89.6,49.3
1052,91.2,91.8,89.6,35.5
1053,89.1,15.2,88.9,25.3
1054,96.6,89.1,86.1,56.6
1056,89.5,88.3,89.8,59.8
1057,91.4,26.3,90.8,44
1058,87.2,9.6,95.2,49.3
1059,97.7,5.5,90.7,47.5
1060,97.3,17.5,96.8,40.7
1064,72.5,77.4,88.4,52.8
1065,77.1,27.5,86.8,48.3
1071,89.7,7.7,93.2,44.6
1072,93.9,86,89.1,51
1075,76.1,96.5,87.4,50.7
1076,92.1,19.1,97.4,40.1
1078,93.7,16.8,95.5,61.1
1080,85.6,91.2,91.4,37.9
1081,83.3,90.3,89.2,33.7
1083,89.8,19.4,88,52.1
1084,86.5,92.4,91.4,68.7
1086,79.6,15,89.6,45.1
1088,92.6,8.3,91.3,43
1089,82.6,8.2,87.1,42.2
1090,97.6,81.2,95.4,61.5
1093,85.3,10.4,89.2,51.5
1094,94.7,25.8,94.2,28.2
1095,96.5,15,95.1,45.4
1097,75.8,83.8,90.8,47.5
1098,88.8,73.5,89.3,71.2
1101,97.2,25.9,97.6,42.1
1104,90.7,4.6,90.6,38.5
1106,94.8,23.7,95.1,55.8
1107,93.4,24.4,95.3,27.4
1108,99,27.9,96.3,42.2
1109,74.9,80.3,87.3,56.7
1112,77.2,3.1,88.4,33.4
1114,91.8,72.9,92.3,54.5
1116,77,4,90.8,55.5
1118,94.3,82.7,93.4,50.4
1120,89,84.2,88.4,47.9
1122,92.1,9.4,95.2,42.1
1123,64.9,28.2,91.9,50.3
1126,99.2,95.7,91.6,62.4
1128,74.5,20.9,92.8,49.1
1129,89.4,83.9,91.5,54.5
1131,97,85.9,96.3,57.8
1133,77.3,24.6,96.1,53.3
1134,97.8,82,98.8,54.9
1136,94.7,9.1,92,60.5
1137,96.8,85.9,90.3,55.5
1138,78.1,26.4,86.6,55.4
1139,90.2,90.9,90.4,58.1
1142,79.7,27.7,87.5,45.4
1143,87.1,82.1,89.5,56.6
1144,92.6,70.5,92.4,54.6
1145,91.4,4.1,86.8,58.1
1146,95.6,16.8,87.4,38.3
1147,96.1,81.8,88.2,27.1
1148,94.9,81.7,96.5,42.1
1150,89.2,19.8,90,21.2
1152,72.4,90.5,87.8,45.1
1153,90.1,13.8,88.4,41
1156,92.6,88,92.5,50.9
1159,75.5,91.8,85.6,62.4
1161,85.9,88.3,78.9,42.5
1163,96.2,82.1,91.5,53.4
1168,92.4,83.3,94,50.1
1169,74.7,75.4,85.4,56.7
1171,77.4,8.8,86,64.5
1172,92.8,16.7,92.9,20.3
1174,93.4,72.3,96.2,45.2
1175,93.5,19.1,96.1,55.8
1179,76.4,94.5,90.9,53.3
1181,92.3,15.6,85.4,64.5
1182,91.6,23.9,92,27.1
1183,81,27.1,87,55.2
1185,92.8,76.6,92.6,59.9
1187,88,22.7,88.8,27
1188,87.7,95.6,93.1,72
1190,94,15.3,90.6,41
1192,81,96.6,91.7,58.8
1193,94.8,18.8,94.4,34
1195,75,98.3,85.4,57.7
1196,92.8,88,89.4,56.6
1197,95.5,87.1,90.8,46.7
1198,94,13.4,93.9,32.9
1199,87.3,82.9,89.8,76.6
1200,90.1,76.8,96,53.7
1201,93.9,8.7,89.7,56.9
1202,92,88.2,97.2,56.1
1203,85.6,89.4,98,30.7
1204,95.4,17.8,89.9,52.6
1207,91.8,77.5,95.5,53.3
1208,93.7,95.5,93.4,67.7
1210,94.4,14.8,85.7,40.9
1211,99.4,24.2,95.2,55
1212,97,24.4,96.7,26.1
1214,81.7,22.9,89.8,66.6
1215,86.6,96,91.5,49.3
1216,90.9,22.6,92.7,45.6
1217,98.9,81.8,93.3,53
1218,90.5,77.4,92.4,55.6
1219,87.5,83.7,96.2,48
1222,97.5,90.7,91.3,59.9
1223,72.6,95.7,87.6,40.7
1224,93.6,74.2,89.3,48.8
1225,94.9,81.5,93,49
1226,78.6,4.4,87.8,42.8
1227,68.9,67,90.7,46
1228,85.2,2.8,91.7,38.3
1230,96.7,15.8,90.2,58.1
1231,84.9,14.1,91.7,49.5
1232,84.5,29.1,91.5,57.8
1234,85.1,97.2,87.4,56.1
1235,64.2,60.6,94.5,43.1
1236,81,83.9,86.9,66.3
1237,71.2,77.9,88,45.1
1239,90.4,96.3,92.4,46.7
1240,78.3,97.2,88,51.2
1242,86.7,93.6,91.7,49.7
1243,98.1,21.3,90.6,73.6
1245,92.4,23,95.1,64.3
1247,95.1,87.5,92,55.7
1248,80.6,5.9,91.8,52.5
1251,70.8,5,89.1,52.2
1252,74.9,81.8,85.5,58.5
1253,97.2,77,96.8,61.1
1254,84.7,91.5,88.8,65.5
1255,80.4,2.6,91.5,41
1259,91.8,4,91.4,40.1
1263,96.7,12.8,96.2,40.1
1264,91.9,10.3,85.9,54.5
1265,93.8,76.4,92.3,54.5
1266,97.7,13.4,95,48.1
1267,69.6,80.3,85.9,55.8
1268,88,84.7,90.7,57.3
1269,94.9,13.5,95.3,41
1271,86.2,77,87.8,68.4
1272,84.6,81.5,90.4,30.7
1274,85.4,98.3,88.4,23.3
1275,81.1,9.5,89.3,46.3
1276,82.5,11.1,90.5,42.4
1277,98.8,28.5,97.8,46.7
1278,94.6,18.5,94.7,34.3
1279,90.1,6.5,95.7,57.8
1281,98.1,12.2,95.1,53
1282,88.3,94.8,90.8,61.8
1283,80.7,4.6,89.7,53.6
1284,87.5,80.8,93.9,44.1
1286,98.7,11.3,88.3,56.6
1287,95.8,19.1,94.9,25.5
1289,89.5,6.5,90.5,54.8
1290,90.2,94.7,94.6,51.2
1293,97.4,15.3,92.9,41.6
1294,76.2,18.5,86.4,37.4
1295,97.3,86.2,98.1,55.5
1296,73.2,88.9,89.5,44.6
1297,98.2,86,96.8,51.3
1298,75,11.7,88.9,45.4
1299,79.7,93.9,87.5,56
1300,87.9,95.7,91,46.1
1301,80.1,10.3,87.9,44
1302,86.2,4.9,92.8,45.4
1303,86.4,3.7,91.3,43.6
1305,95.5,92.7,91.7,57.3
1306,95.1,9.1,90.4,48.5
1308,79.5,14,96.8,50.6
1309,85.1,90.3,90.1,56.1
1310,86.9,92.7,90,68.8
1311,97.9,80.9,97.9,46
1313,88.1,18.5,95.4,57.3
1315,95.7,93.6,97.8,57.8
1316,87.6,87.2,88.5,58.1
1317,97.7,81.8,97.5,74.2
1319,90.4,80.2,92.8,53.3
1320,80.6,4.1,90.4,52.4
1323,85.2,97.5,92.9,61.2
1327,95.2,29.8,96.8,33.7
1329,95.8,83.3,99,51.5
1332,78.1,4.3,92.9,79.9
1333,96.6,69.6,97.1,67.3
1335,94.5,8.8,89.4,44.6
1338,88.1,23.7,95.4,53.4
1340,91,22.4,91.3,41.2
1341,96.6,82.4,96.2,76.9
1342,99.1,71.2,87.1,37.1
1345,90.9,73.8,95.6,61.8
1346,97,25.5,95.5,43.7
1348,95.5,25.9,95,47.2
1349,72,77.2,91.3,39.4
1350,91.2,15.5,92.3,48.8
1352,86.1,6.5,85.2,42.5
1353,94.9,8.6,95.7,41
1354,93.2,19.7,93.1,23.6
1355,94.8,19.5,95,51.8
1356,99.2,13.5,98.1,46
1357,96.5,22.5,97.7,53
1358,77.7,16.7,85.3,31.5
1360,84.3,15.7,95.3,57.1
1361,93.3,91.1,94.4,73
1362,94.4,88.3,92.4,59.6
1363,84.2,76.5,89.6,56.1
1365,92,85.4,97.3,45.7
1366,96.1,19.8,93.3,45.8
1368,90.2,85,90.7,45.2
1369,86.6,18.3,86.7,53.4
1370,78.4,73.9,88.3,47.2
1371,98.5,73.6,98.1,72.9
1373,96.9,15.5,90.3,39.5
1374,90.3,74,91.3,70.9
1375,75.2,15.8,94.9,51.3
1376,93.9,17.9,91,68.7
1378,93.7,17.1,88.5,58.1
1379,68.5,83,92.2,46.4
1380,89.8,24.7,90.6,26.8
1385,81.5,23,84.3,24.4
1386,87.4,83.5,93,57.8
1388,99.1,69.7,92.8,31.8
1389,96,90.5,88.8,62.3
1390,95.7,95,92.3,64.6
1391,87,14.4,96.7,56.9
1393,82.8,90.5,93.1,55.4
1395,73.2,4.4,91.4,44.3
1396,88.3,12.6,91.5,40.3
1398,97.6,15.7,97.3,45.8
1402,98.5,81.1,94.8,57.5
1403,89,81.1,89,73.3
1406,96.9,26.5,90.4,47.6
1410,87.4,15.9,89.6,41.8
1411,97.2,26.1,96.9,29.8
1413,66.3,11.6,82.5,43.3
1415,96.4,85.4,96.5,79.4
1416,86.5,4.3,92.1,64
1417,82.1,78.7,89.4,62.6
1419,98.3,87.7,93.8,51.2
1420,92.8,20.9,92.4,48.4
1421,69.4,18,86.4,54.8
1422,90.3,21.6,90.4,23
1423,80.1,5.6,88.9,41.2
1424,77.7,79.1,91.3,37.3
1425,77.4,94.5,90.6,36.9
1426,85.7,2.5,95.1,49.6
1427,77,94.5,87.4,62.1
1428,77.2,9.3,81.5,20.7
1430,93.3,19.5,92.5,43
1434,95.3,13.4,92,52.4
1435,86.5,72.3,91.3,54.5
1438,90,11.8,92,49.8
1439,89.9,16.6,94.9,58.8
1442,97.3,81,90.5,58
1443,92,76.6,92.1,73.3
1445,90.8,11.2,91.3,52.6
1448,93.3,77.1,95.4,51.8
1450,81.2,4.8,97.3,69.8
1451,87.2,6.2,88.6,43.9
1452,93,17.2,94.1,34.8
1453,77.5,82.3,92.5,51.7
1455,93.1,80.4,92.9,73.7
1457,90.4,15.5,91.9,47.2
1458,89.3,86.8,94.2,52.8
1459,73.2,26.4,89.5,49.3
1463,82.1,27.4,88.4,43
1464,95.2,15.5,92.1,53.6
1465,90.5,76.1,91.7,57.6
1470,89.2,77.6,89.3,74.8
1473,80.8,7.4,92.8,52.8
1475,92.3,94.8,92.4,64.3
1476,74.4,92.9,88.4,45.2
1477,94.1,91.4,91.7,51.6
1478,75.1,13.4,93.6,59.3
1479,86.4,94.4,87.3,57.8
1480,90.2,85.5,93.7,49.1
1481,96.8,71.8,90.2,60
1482,97.6,86.8,89.4,52.4
1483,94.9,83.5,90.2,55.5
1484,85,6.2,94.9,52.5
1485,95.2,23.7,98.1,42.5
1486,80.9,10.4,82.7,50.7
1487,71.5,17.9,91.4,52.5
1488,98,17.6,87.7,71.1
1489,95.6,75.1,94.3,51.5
1491,90.2,91.5,94.4,38.3
1492,87.5,78.8,90.1,53.1
1493,79.9,95.3,87.3,67.2
1494,94.4,87.5,90.4,66.6
1495,89.5,76.9,89.5,75.2
1496,92.7,76.3,95.5,23.4
1497,91,23.7,88.9,63
1500,95,15.3,95.6,52.9
1501,98.6,14.7,97.8,48.8
1502,92.8,19.1,93.8,25.9
1503,93.4,28.3,92.1,57.5
1504,93.9,82.6,92.9,56.3
1506,80.8,6.9,87,35.2
1508,80.3,85.3,95.5,43.4
1509,98.7,25.9,98.6,44.7
1511,83.3,88,91.6,57.1
1512,97.2,16.6,96.5,38.5
1514,97.2,17.8,95,39.4
1515,83.9,88.5,98.1,27.9
1516,91.7,89.5,90.5,52.5
1517,87.6,81.2,96.6,54.2
1518,98,6.7,96,43.4
1519,96.8,86.1,88.5,55
1520,94.8,96.6,86.8,60.1
1521,73.3,25.2,92.5,53.6
1523,91,85.6,91.3,52.9
1524,84.7,9,87.9,41.2
1528,87.3,96.8,90.7,57.5
1529,91.7,83.4,96.6,43.3
1530,83.8,3.1,92.3,39.4
1531,97.3,73.4,95.6,58.2
1532,92.5,72.3,96.2,45.4
1533,96.1,16.9,98,47.2
1535,86.3,91.5,92,52.8
1536,95.2,71.7,91.5,37.4
1537,77.5,22.5,79.3,24.5
1538,92.6,83.7,95.9,44.3
1539,97.9,28.5,89.8,80.9
1540,91.5,96.2,91.9,66.6
1541,97.6,89.6,92.4,67.8
1543,78,28.2,95,51.6
1544,86.5,94.1,91.8,54.6
1545,89.6,19.2,89.1,46
1546,99.2,91.1,90.3,64.3
1547,96.9,23.4,91.6,69.9
1548,78.1,85.6,91.4,30
1550,76,93.6,91.5,44
1551,82.6,3.8,93.2,47.8
1553,87.3,84.2,96.6,49.4
1554,79.3,15.2,81,48.5
1555,98,23.4,94.9,43.1
1557,90.6,74.4,90.6,71.2
1558,85.2,5.2,88.4,45.8
1559,97.3,84.1,95.5,48.7
1560,88.6,89.4,92,51.8
1561,81.2,74.2,89.5,32.1
1562,82.2,85,92,52.1
1565,76.8,24,92.6,56.4
1566,97.9,77.9,94.1,54
1567,98.2,94.4,96,75.8
1568,95.4,78.7,94.7,52.5
1569,80.9,84.8,87.5,48.5
1570,88.3,16.1,94.3,41.3
1571,83.1,19.1,86.4,25.8
1572,94.7,25.3,95.2,54
1575,84.1,3.1,85.7,49.7
1577,96.2,20.6,95.8,24
1579,72.5,5.6,85,57.8
1580,79.7,17,86.5,52.1
1581,92.6,85.1,90.8,80.8
1582,78.2,14.7,80.4,20.7
1584,89.2,18.2,89.8,23.6
1585,77.1,12,89.3,56.9
1586,80.8,87.2,91.4,52.7
1587,78.1,9.5,87.6,46.9
1589,78.9,76.3,93.3,47.5
1591,89.4,5.5,95.3,40.4
1594,87.2,17.9,88.2,36.7
1595,76.3,7.1,90.9,49.1
1597,85.4,19.1,89.2,47.5
1598,75.1,3.8,92,47.3
1599,86.8,24.4,90.5,42.7
1600,91.4,82.4,90.2,63.3
1601,87.6,6.2,90.3,60
1602,83.3,12.5,87.4,27.3
1604,91.7,27.9,91.4,51.8
1605,87.3,16.9,85.8,43.7
1606,98.1,73.1,95.9,55.5
1608,90.6,5.1,95.6,42.6
1609,94.2,82.2,69,25
1611,97.1,5.5,92.5,42
1612,64.9,8.6,96.1,63.9
1613,72.4,18.2,87.2,45.3
1616,96.7,24.8,96.4,43.4
1617,92.6,25.3,92.5,29.6
1619,96,10.1,90.9,46.9
1620,98.6,86.8,88.4,37.7
1621,93.1,26.7,91.6,56.1
1622,96.2,75.6,95.4,72.3
1623,91.9,87.4,94.9,65.3
1624,80,10.3,88.1,42.8
1625,93.6,76.4,92.6,70
1626,67,21.2,91.4,47.6
1627,96.6,12.2,90.3,62
1629,95,84.7,94.2,67.8
1630,95,76.3,94.8,73.5
1631,79.5,92.4,96.1,48.1
1634,82.6,14.1,95.2,39.8
1635,83.7,5,93.2,47
1636,92.9,73.9,93,69.9
1638,74.1,8.5,92.1,54.2
1639,98.2,92.3,81.3,62.7
1640,92.5,7.7,90.3,40.7
1641,97.6,75.3,89.4,55.5
1642,93.3,24.7,94.1,42.4
1643,92.7,80.6,92.5,76
1645,98.8,75.1,97.5,71.2
1646,93.1,92.6,95.9,50.9
1647,90,82.8,97.3,51.5
1648,88.5,83.9,89.6,44
1649,97.5,76.4,96.2,61.5
1650,98.2,82.9,95.7,25
1651,78.6,7.4,85.8,47.5
1652,95.8,22.8,95.7,52.8
1653,97,7.4,94.2,33.7
1654,91,78.5,91.3,59.8
1655,90.8,23.1,91.3,38.9
1656,76.9,31.4,87.3,53.6
1657,90.2,14,90.3,24.7
1658,92.1,18.8,95.5,52.2
1662,88.8,85.1,88.4,45.8
1663,85.1,12.2,87.8,43.9
1664,98.8,27.9,86.4,55.5
1667,77.5,84.8,95.9,39.1
1668,98.9,24.3,98.1,26.7
1671,96.4,88,94.5,60
1672,97.5,17.4,95.6,28.2
1673,89.6,21.6,89.5,46.7
1674,79.2,25.2,87.5,40.3
1675,70.4,10.7,91.5,41.9
1676,90.2,18.3,92.4,44.2
1677,72.8,23.9,93.1,58.2
1678,90.7,17.4,90.6,68.7
1679,85.1,89.4,91.8,40.6
1680,90.6,22.4,91.2,24.3
1681,78.7,95.3,91.6,54.2
1682,85.1,15.9,93.3,46.3
1685,78.2,27.7,94.2,51.2
1686,98.7,76.4,98.5,69.3
1689,91.2,76,96.2,44.8
1691,78.4,12.5,94.9,44.8
1692,95.6,23.7,91.2,35.2
1693,83.7,95.1,86.7,58.5
1694,90.7,74.7,92,59.7
1695,81.8,7.4,90.1,41.5
1696,94.7,71.5,95.4,46.9
1697,95,12.6,91.6,46.6
1698,89.7,15.6,89.8,20.2
1699,86.3,12.3,85.9,45.5
1701,85.9,80.2,91.6,50.9
1703,81.4,77.9,84.9,69.5
1705,96,94.4,82.4,47.5
1706,92.3,26.9,94.9,47.5
1707,96.5,12.6,98.7,50.9
1708,74.9,68.2,89.3,44.4
1710,93.9,85.5,91.6,54
1712,92.1,21.5,92.8,24.7
1713,83.6,90.6,99,46.7
1715,71.8,23.9,88.8,54.5
1716,82.6,15.3,89,37.4
1717,92.4,82.8,84.7,40.6
1720,85.2,77.7,90.1,50.1
1721,76,6.6,92.6,63.3
1722,71.1,4.5,91.3,43.6
1725,74.5,93.8,80.2,56
1727,89,94.7,86.6,55.2
1728,73.2,17.3,98.7,69.7
1732,95.3,16.8,93.3,46.1
1734,78.7,20.4,85.3,41.8
1736,78.5,18.6,94.9,49.5
1737,86.6,80.6,96.7,52.4
1740,88.5,88.3,91.9,53.6
1742,88,14.6,95.4,73.8
1743,95,88.7,91.2,31.8
1744,84.3,14,89.4,49.9
1745,99.3,20.7,99.3,22.8
1748,95.7,19.4,91.6,49
1749,97.8,82.3,94.5,54.6
1750,81,88.3,89.6,49.3
1752,98.9,19.7,91.7,58.7
1753,98,20.4,92.7,53.3
1756,90.6,10.4,89.8,53.1
1757,98.5,18.2,94.8,53.4
1758,94.5,3.2,92.8,57.8
1759,92.6,10.7,94.2,45.4
1760,95.4,69,96,55
1762,88.6,12.9,91.2,25.9
1765,89.2,28.6,89.7,33.6
1766,73.8,80.3,88.4,44.9
1767,89.6,82.3,88.4,47
1768,71.4,5.8,85.7,44.6
1769,92.3,15.2,92.2,47.9
1770,97.8,19.7,96.7,40.1
1773,73.8,16.5,85.9,47.6
1775,82,89.3,91.3,34.2
1776,92.4,18.9,95.7,54.8
1777,93.9,26.2,92.5,48.8
1778,97.2,77.1,96.2,67.2
1779,90.9,24.4,90.9,25.8
1780,87,85.9,97,45.7
1781,92.2,18.3,89.3,61.4
1783,88.8,76.9,92.6,40.7
1784,97.5,82,91.3,52.8
1785,85.6,19.1,91.3,54.6
1786,93.1,76.9,90.7,54.9
1788,86.4,26.5,92.3,49.3
1789,76.2,25.5,96.6,47.3
1790,76.7,78.1,91.9,45.7
1791,73.5,29.4,95.4,69.9
1794,97.2,26.7,96.5,44.6
1796,95.1,19.5,89.3,55.8
1797,92,18.2,92.1,42.4
1798,96.1,24,95,42.2
1801,79.2,12.4,90.6,50.9
1802,95,16.5,92.7,40.9
1803,92.9,75.9,94.1,73.8
1807,97,90.8,87.9,60.6
1808,93.8,15.9,94.5,24.1
1810,93.9,19.8,94,27
1812,96.9,15.6,83.7,55.2
1813,99,14,90.5,43.4
1814,92.8,6.6,90.9,49.8
1815,89,90.7,89.2,51.8
1816,93.3,15.9,86.2,57.4
1817,73.5,80.8,92.3,47.6
1818,83.9,90.4,91,46.9
1819,84.9,73.3,88.3,47.2
1823,89.9,15,91.8,53.1
1825,85.4,23.7,97.6,62.9
1826,84.8,22,88.7,53.6
1827,94.5,66.3,95.6,53.7
1828,99.2,21.3,98.7,23.6
1830,90.8,17.1,91,20.4
1831,76.5,22.5,86.4,48
1832,87.6,7.7,97.2,62.1
1833,91.6,1.7,88.8,37.3
1835,91,91.9,89.2,46
1839,84.7,15.8,91.8,68.2
1840,92.8,93.5,88.3,56.3
1842,92.2,95.9,88.3,66.4
1843,84.9,8,88.4,56
1846,93.3,95.1,88.9,54.9
1847,95.8,83.8,95.6,57.5
1848,96.8,71.7,95.6,68.2
1850,80.3,19.7,89.2,46.7
1851,95.6,93,93.3,60.5
1852,93.2,90.3,89,50.7
1853,82.6,23.7,85.4,26.8
1855,73.7,77.9,93.3,33.9
1858,81.5,82.4,88.8,49.7
1859,79.8,79.4,88.2,52.7
1861,80.8,97.1,87.2,44.6
1862,91.6,10.6,92.7,49
1863,91.4,19.1,91.7,48.5
1864,84.3,17.3,89.7,47.3
1865,91.5,80.2,91.9,57.9
1867,73.6,18.3,87.8,55.4
1869,87.5,24.9,89.6,52.8
1870,85,92.1,91.2,58.1
1875,92.9,84.1,94.6,57
1876,97.2,77,95.3,57
1877,77.1,22.4,85.3,41.8
1878,85,22.4,88.1,61.5
1879,84.8,24.7,85.6,27.3
1880,86.4,90.2,96.9,56.1
1881,89.3,14.6,86.8,49
1882,88.2,14,93.6,49.9
1883,92.2,23.4,91.5,25.2
1884,91.8,94.7,91.4,41.6
1885,94.2,23.7,96.7,49.3
1886,91,17.2,91.2,35.3
1887,95.2,88,92.6,71.1
1888,93,81.1,95.1,54.2
1889,96.8,75.4,97,73
1891,89.4,10.3,92.7,73
1892,97.8,82.3,97.5,79.7
1893,82.1,90.8,96.1,45.4
1894,88.2,18.6,96.2,44.8
1896,85.2,28,90.2,59.1
1899,94.6,83.5,91.2,24
1901,87.6,10.4,88.4,49.4
1902,82.1,96.5,92.8,56.9
1903,89.4,95.4,90.9,50.9
1904,77.9,17.7,88,47.2
1905,95.9,15.6,88.5,49
1909,70.3,82,87.1,51.5
1910,84.8,91.2,93,47
1911,95.9,17,94.9,41
1912,93,80.3,92.9,79.1
1914,96.8,17.1,96.4,20.3
1916,75,79.1,87.4,50.7
1917,81.7,27,82.4,28.8
1918,70.8,17.3,92.7,53.9
1919,91.2,94.5,90.4,48.7
1921,98.8,75.7,97.7,72.7
1923,94.7,76.6,93.1,66.7
1924,90.9,84.2,88,49.3
1925,76,88.3,88.5,60.5
1927,93.9,85,92.2,31.5
1928,83.3,12.9,93.1,49.3
1931,81.9,5.5,92.3,50.7
1932,89,13.8,95.7,50
1934,96.5,15.2,95.5,50.3
1936,92,89.3,91.7,62.3
1939,78,80,99,48.1
1941,97.6,27.4,94.3,55.5
1942,97.6,23.1,98,24.9
1945,69.9,95,89.6,45.6
1947,89.7,6.6,89.7,46.6
1948,76.6,7.7,96.8,64.8
1953,86.4,27.9,89.8,42.9
1957,97.9,25.5,95.9,74.7
1958,96.9,82.3,96,47.9
1959,89.8,17.8,92.8,45
1960,74.4,24.5,90.5,44
1961,73.2,28.6,91.5,45.6
1965,84.8,95,97.5,50.9
1966,96.8,25.8,96.9,29
1968,79,72.6,92.6,46.9
1969,77.7,15.9,95.4,49.1
1972,74.9,20.1,87.5,42.6
1973,96.9,80.2,94.1,28.3
1974,88.8,4.5,92.3,47.9
1976,95.1,90.2,95.7,69.7
1979,94.8,6.2,90.6,59.6
1980,89.8,18.5,87,57.6
1981,95.7,11.3,92.6,52.2
1984,88.8,12.4,88.8,38.2
1985,88.6,75.3,88.5,65.5
1987,94.5,80.9,95.1,36.7
1989,91.9,16.8,91.5,44
1990,91,18.6,91,43.1
1991,79.2,89.7,87.4,57.6
1993,84.5,13.7,86,46.1
1994,89,86.6,89.6,52
1995,95.2,32.6,95.2,35.1
1997,80.9,81,87.8,57.5
1998,86.9,10.3,87.3,68.5
1999,79.3,81.5,92.5,49
2000,98.5,82.9,95.4,54.5
2001,84,22.7,88.1,48.4
2002,92,26.7,92,30.1
2003,91,82.7,92.4,62.9
2007,91.5,22.2,94.5,44.3
2008,99,18,88.1,47.8
2009,94.9,19.8,94.5,23
2013,96.3,16.4,94.1,24.7
2020,88.8,14.6,90,31.9
2021,82.3,89.4,95.5,49.4
2022,74.8,4.4,85.2,44.3
2023,95.3,18.4,90.7,45.2
2028,79.2,7.4,86.5,44.6
2029,78.3,83.8,82,79.9
2030,92.6,88.9,95,57.8
2031,97.2,17.7,95.3,54.2
2032,97.3,77.2,97.9,75.1
2034,90,84.1,94.6,64.6
2035,97.1,82.1,97.1,56.7
2038,95.6,77.3,96.3,62
2040,92.4,85.4,93.3,70.8
2041,78.5,91.7,95.8,47.2
2043,91.6,19.1,91.9,41.8
2044,90.6,16.8,97.1,56.6
2046,75.4,2.8,96.3,52.4
2047,92.7,80.9,95.9,55.2
2049,96.8,81.1,97.8,54.3
2050,96.4,81.4,96.4,57.3
2053,74,4.7,92.6,48.7
2055,86.4,98,94.2,75.7
2056,97.7,75.2,97.4,72.6
2058,76.9,91.1,89.3,59.9
2059,63,21.6,88.9,49.6
2060,81.6,70.9,87.6,52.8
2063,92.8,80.3,96.6,52.7
2064,91,92.7,93.6,50.7
2066,97,87.7,98,59.9
2068,98.3,66.8,98,56.5
2071,97.2,22.1,94.7,33.1
2072,93.3,73.8,92.8,65.1
2073,95.9,77.6,93.7,66.1
2075,89.2,19.4,89.8,26.4
2077,70.1,77.5,92.2,47.2
2078,67.4,72.9,91,47
2079,97.6,77.2,97.2,75.6
2081,92.1,10,89,51.8
2082,82.4,14.4,90.5,65.8
2083,91.4,13.8,91.4,46.3
2084,81.5,88.9,88.3,47.9
2087,80.2,4.9,86.9,60.2
2088,75.6,89.4,88.2,61.5
2091,86.2,91.1,89.4,37.4
2092,82.9,91.2,95.9,47.9
2093,84.6,90,96.3,54.2
2094,83.8,12.5,87.4,42.1
2097,82.2,16.4,88.1,59.9
2100,78.5,19.7,87.8,51.5
2101,96.8,84.5,91.7,59.6
2102,99.2,18.6,98.2,24.2
2104,95.4,74.4,96.3,58.3
2106,82.9,79,88.1,64
2107,81,83.9,94.6,49.1
2108,82.5,16.2,86.4,52.7
2109,91.7,75.4,92.8,23.6
2110,80.5,93.8,90.8,49.3
2112,93.4,3.2,93,73.6
2113,68.7,16.5,98.5,57.9
2114,95.2,75.3,97.1,52.2
2115,76.5,12.3,94.3,48.2
2116,93.3,13.4,95.8,40.6
2117,98,14.4,87.4,52.7
2118,84.9,15.8,86.9,20.9
2119,86.5,11.3,92.1,56.7
2121,87.8,75,88.9,73.5
2122,95,74.5,92.1,49.7
2123,85,11.9,87.7,55.2
2124,92.1,69.4,90.4,28.2
2126,74.5,76.9,93.1,46.4
2128,95.2,19.5,91.4,40.4
2129,79.9,18.6,95.8,47.9
2130,96.3,22.4,96.5,44.9
2133,96.1,2.2,95.6,34.8
2134,98.5,83.6,92.8,45.1
2136,95.3,17.6,96.1,43.9
2137,97.5,7,95.3,42.4
2138,80,30.6,95.9,59.6
2141,97.5,91.8,94.8,70.5
2142,72.6,73.8,87.1,45.1
2143,98.2,9.7,91,63.7
2146,67.3,78.1,85.2,49.6
2148,87.5,3.1,92,44.9
2149,72.7,88.2,76.6,80.4
2150,68.1,5.2,82.6,45.1
2151,93,82.7,94.9,36
2153,94.7,87.2,93.4,50.6
2154,77.2,95.6,86.9,67.6
2155,93.7,76.1,93.1,72.7
2156,83.6,86.2,87.8,53.6
2157,87.4,74.8,88.5,48.5
2158,79.8,18.9,85.1,44.2
2161,97.1,82.3,91.9,46.1
2162,92.9,24.7,95.4,51.8
2163,95,16.7,95.8,43.9
2165,87.1,77.6,81.3,46.1
2166,79.8,87.4,97.5,48.4
2168,78.5,21.2,93,46.1
2169,96.2,18.8,94.2,70.9
2171,95.2,23.9,95.4,58.7
2172,96.2,27.9,94.8,43.4
2173,91.8,13.4,90.9,42.2
2174,94.3,4.6,84.5,76
2175,91.3,81.8,96.7,53
2176,89.9,20.6,86.1,56.1
2178,90.8,10.7,98.8,46.9
2179,77.6,97.7,87.2,62.3
2181,88.5,11.1,91.7,44.9
2182,95.2,29.1,95,32.6
2185,87.8,3.4,88.8,45.4
2186,67.6,91.7,85.6,54.5
2187,90.6,19.2,92.6,24.9
2189,93.2,13.1,96.2,47.6
2190,98.1,8.5,89.8,63.4
2191,93.6,97.1,87.3,63.6
2193,96.4,90.2,92.3,54.9
2195,90.7,23.1,91.9,46.4
2198,94.9,91.1,95.6,51.1
2199,97,73.5,95.8,54.9
2202,98.8,75.1,92.9,46.3
2203,82.6,88.3,84.1,49.7
2204,80.6,95.9,85.6,77.9
2207,85.6,10.9,89.5,68.4
2208,89.3,84.4,97.1,51.9
2210,81.6,7.6,90.6,56.7
2212,87.6,12.5,87.9,52.8
2213,85.1,89.4,88.6,58.1
2216,82.5,94.8,89.9,26.2
2217,84,13,92.7,50.9
2219,85.7,19.4,90.1,57.2
2220,79.7,90.3,95.8,49
2221,93.2,18.9,90.9,51.2
2225,95.7,15.8,89.7,61.8
2226,81.3,95,98.6,48.1
2227,82,93.7,89.4,45.2
2229,85.4,14.2,91.1,61.8
2230,89,82.2,93.3,48.2
2231,85.1,9,89.7,62
2232,87.2,95,88.5,61
2234,98,75.5,95.1,52.5
2235,91.7,81.2,92.5,59.3
2236,82.5,73.6,90.9,55
2238,73.8,83.6,87.3,55
2239,93.3,5.5,65.3,69.1
2240,91.7,95.2,91.3,41.2
2241,92.1,77.2,92.6,43.4
2242,90.5,82.6,90.9,57.3
2243,77.5,12.3,95.6,50.7
2245,85.9,91,87.7,76.1
2246,72.9,80.9,88.3,51.7
2249,95.1,80.9,91.8,36.4
2251,97.1,93.6,92.5,57.2
2252,85.7,89.6,92.5,50.4
2255,90.3,13.2,90.4,63.6
2256,78.1,7.4,89.2,47.9
2259,96.8,90.2,96.3,64.9
2260,96.2,18,88.9,57
2262,79.6,86.6,88.5,56.1
2263,91,13.4,90.4,56.7
2264,80.2,7.1,89,38.3
2265,91.5,3.4,90.7,34.3
2266,92.5,81.7,89.7,34.3
2267,77,8.8,85.9,53.1
2269,91.6,11.6,91.3,56.6
2271,94.3,14.9,92.9,54.9
2274,91.3,15.9,93.6,35.2
2277,75.1,3.2,88.3,52.2
2278,83.7,80.5,90.9,46.6
2280,88.9,82.1,90.1,30
2281,75.3,16.2,89.4,46.9
2288,77.9,17.6,83.3,44
2289,87.1,96.8,87.6,47
2291,89.7,3.2,96.3,45.7
2292,81.3,95.7,89.2,36.3
2295,95.9,24.8,95.9,46.8
2296,97.8,30.2,94.1,62.8
2298,91.1,18.2,91.5,53.1
2300,76.7,11.7,88.4,46
2301,84.9,85.7,88.5,54.2
2302,90.4,9.3,95.8,78
2303,85.4,78.5,86.3,75.6
2304,88,16.6,89.3,49.1
2306,84.3,18.2,86.8,53.7
2307,77.9,77.2,86.7,59.3
2308,91.8,24,95.7,51.7
2310,89.4,85.5,89.5,70.1
2312,82.8,10.2,95.2,55
2313,85.7,13.9,93.1,61.4
2317,84.4,13.4,89.8,54.5
2319,89.5,17.5,91.9,57.9
2321,77.3,11.8,95.7,51.5
2322,86.6,81.5,90.7,53.3
2325,94.7,84.5,92.7,50.6
2326,88.3,94.1,91.1,56.1
2328,82.3,92.2,91.3,53.9
2331,90.4,15.6,98.9,52.5
2333,92.6,95,91.8,62.8
2335,94.1,80.6,94,69.1
2336,81.1,6.7,89.3,52.4
2337,95.1,89,90.6,57
2340,71.1,93.8,89.7,46.4
2341,76.2,17.4,87.3,51.2
2342,77.1,89.4,87.1,57.3
2343,80,91.4,95.8,44.5
2344,87.3,17.8,89,40.6
2345,85.5,81.2,86.1,44.6
2346,88.1,79.3,97.2,49.9
2347,75.3,84.2,90.1,55.4
2349,82.7,89.3,89.1,59.4
2350,96.4,12.2,88,57.5
2351,85.2,80,92,33.4
2352,82.5,11.3,89.3,43.6
2356,92.6,8,91.8,43.1
2357,76.5,93.2,95.5,49.3
2358,85.9,6.4,88.3,54.9
2359,88.6,22.8,91.9,53.3
2360,79.3,21.8,88,53
2361,77.6,85.3,86.7,55.8
2362,98.3,25.8,97.7,44.1
2363,82.4,92,87.1,75
2365,87.7,85.3,88.1,77.6
2367,72.5,76.1,92.3,46.7
2369,90.4,95,87.9,48.2
2370,68.2,23.3,86.6,47.2
2371,76.9,13.5,87.5,53.9
2373,85.8,22.5,88.8,55.3
2374,90.5,23.1,91.2,50.6
2375,87.4,31.3,90,46.3
2379,78.8,20.3,96.4,46.9
2382,89.7,6.7,90.2,38
2383,86.8,91.8,88.8,52.7
2384,92.4,84.2,95.2,39.1
2386,74.8,89.9,87.9,55.1
2387,81,16.5,86.9,46.7
2388,70.1,86.2,88.2,50.1
2389,72.4,96,83.4,62.6
2392,87.2,10.7,90.3,54
2394,78.4,96.6,90.5,25.6
2396,81.8,94.8,94.8,46.3
2399,96.3,13.2,93.1,38.2
2401,89,93,88.3,44.5
2402,90.4,95.4,86.1,61.8
2404,83.2,89.9,88.9,47.9
2405,88.6,84.8,96.9,50.9
2411,92.6,15.6,92.5,27.9
2412,74.3,12.8,90.5,42.7
2414,97,76.7,91.2,34
2416,89.4,11.6,91.3,40.9
2418,95.7,80.5,96.8,52.4
2421,92.6,90.9,95.7,54.9
2422,96.2,17.4,95.4,23.4
2425,93.8,17.7,87.5,72.3
2426,94.6,25.3,91.2,43.4
2429,97,22.8,95.4,53
2430,83.4,23.3,84.4,27.3
2433,95.5,76.9,95.2,59.7
2434,76,89.1,92,49.4
2435,85.6,77.6,89.5,57.5
2436,70.2,6.4,88.2,47.9
2437,74,10.9,94.7,52.2
2438,69.8,72.6,86.9,47.9
2441,97.8,95.7,87.7,49.1
2442,76.2,20.9,95.4,59.9
2443,75.5,96.2,86.9,35.1
2447,75.9,3.8,91.9,43.9
2450,94.9,80.6,93.7,29.1
2451,73.9,74.7,92.6,45.5
2452,93.3,15.8,94.8,57.7
2454,94.3,23.9,93.9,26.8
2456,92.6,82.8,89.9,50.7
2457,92.7,14.5,91.9,35.2
2458,84.2,26.9,86.3,50.4
2459,94.6,16.7,97,60.7
2461,89.9,19,89.8,23.6
2463,99,80.6,94.6,56.9
2467,98.1,83.6,97.5,73.1
2469,83.6,95.3,88.2,68.2
2470,96.9,80.7,92.4,56.7
2471,97.6,12.6,95.2,51.5
2472,98.2,28.3,97.1,49.9
2473,91.8,77,92.7,73
2474,89.3,81.7,98,53.7
2475,96.6,16.2,89.7,42.5
2476,96.8,30.4,91.6,53.4
2478,95.8,73.3,91.3,59.6
2482,95.6,8,92.3,54.9
2484,94.6,91.5,96.5,53.7
2485,98.5,13.5,95.7,31.6
2486,87.5,96,91.5,54.2
2488,89.3,3.1,90.5,55.5
2492,89.7,22.5,90,26.6
2493,96,12.6,89.9,51.5
2497,96.1,12.3,90.7,41
2498,74,19.3,86.4,44.4
2499,99,29.6,91.9,42.9
2501,75.1,21.7,86.9,41.3
2502,75.9,12.3,95,58.8
2503,89.2,10.9,90.7,41.3
2504,97.6,81.4,91.4,46.4
2505,96.6,22.5,97.6,24.2
2509,96.7,18.2,92.3,40.2
2510,90.4,22.6,90.7,27.4
2511,90.7,9.7,95.7,45.5
2514,91.6,17.5,92.1,41.7
2515,87.8,74.8,92.6,55.5
2518,96.6,22.9,97.5,46.6
2519,93.9,70.7,97.9,52.3
2520,96.9,25.2,97,26.3
2521,81.2,26.1,90.4,51.2
2522,90.4,17.1,93,43.1
2523,95.1,24.4,95.8,27.1
2524,97.2,74.5,86.3,52.5
2525,91,24.5,90.7,44
2527,94.9,95.3,90.8,58
2528,96.6,81,95.6,76.9
2530,90.5,23.2,86.8,44
2531,93.9,18.2,94.7,24.2
2534,78.8,90.3,82.8,52.4
2538,79.4,78.5,92.1,38
2539,71.7,84.1,87,55.7
2540,85.5,23,86,25.9
2541,77.9,81.1,92.6,48.8
2544,77.5,89,91.5,50.4
2545,99.3,84.9,93,58.1
2546,89.3,90.5,90.7,62.6
2547,78.9,80.4,88,54
2549,89.1,95.4,90.7,53.3
2550,89.6,92,96.4,50.7
2551,80.7,94.8,91.3,53.7
2552,87.1,13.2,88.5,45.1
2554,73.9,9.5,89.3,41
2555,91.8,88.4,93.3,53.3
2556,81.9,82.4,91.6,48.5
2558,87.7,18,89.6,40.6
2561,96.9,9.3,92.7,44.7
2562,96,94.6,93.2,60.8
2563,95.5,96.1,92.9,26.6
2564,99.1,14.5,96.2,40.9
2568,85.3,13.7,95,53.1
2572,86.2,95.4,92.2,34.2
2573,83.4,94.2,94.5,53.1
2576,82.9,82.2,84.6,76.3
2578,81.8,93.8,94.2,55.4
2580,95.1,95.9,90.6,30
2581,84.1,93.8,89.1,64.5
2582,81.5,16.1,88.5,53.6
2584,86.4,82.3,88.9,62.3
2585,80.3,14.3,91.8,54.5
2588,76.7,92.4,87.2,62
2589,93.4,82.4,96.7,50.7
2591,81,75.6,93.7,38.3
2593,93.3,83.5,89.9,50
2594,96.4,17.9,91.2,54.2
2598,95.9,90.6,92.3,33.6
2600,77.6,3.2,89.8,35.2
2603,99.1,15.5,96.1,35.1
2604,93.5,80.8,89.6,52.6
2606,96.9,83.6,92.2,57.6
2609,97.6,17.6,91.3,56
2610,97.6,93.3,91.5,68.7
2611,85.5,6.8,91,65.5
2612,78.8,3.7,89,32.2
2613,98.6,82.7,98.8,75.7
2615,76.7,5.8,91,53.9
2616,91,94.4,91.9,45
2617,70.1,22.4,82.1,44.6
2618,99,27.1,96.9,54.6
2620,77,13.7,84.7,42.5
2621,82.7,96.5,92.3,37.7
2622,94.7,90.5,92,67
2623,80.7,7.7,89.2,41.8
2624,79.7,83.6,87.1,59.7
2627,76,19.1,89.7,51
2628,86.6,77.7,89,64.2
2629,96.5,83.1,95.6,45.6
2630,68.9,4.2,87.7,36.3
2631,92.1,27.2,91.3,39
2634,90,17.2,87.9,35.9
2635,72.7,75.2,91.7,49.1
2636,86.7,87.7,89.4,51.5
2637,96.7,83.1,97.7,48
2638,95,72.6,92.5,59.8
2640,90.8,21.7,96.9,67.2
2641,96.6,67,96.6,50.3
2642,96.9,9.6,90,60.1
2643,87.3,8.6,88.3,42.5
2645,87.5,15.9,88.5,53.1
2646,96.6,27.4,96,42.1
2647,86.5,79,88.7,75.8
2648,98.2,72.3,85.9,27.7
2649,91.9,21.7,92.5,48.8
2650,98.5,4.7,88.7,29.9
2652,95.1,19.3,86.1,58
2654,88.5,21.2,88.8,29.4
2655,92,18.2,91.9,37.4
2656,90,18.2,88.6,48.3
2657,89.8,70.7,90.3,67.7
2658,91.7,29.9,91.6,38.8
2659,77.9,85.5,95.1,30.2
2661,99.3,31.2,98.9,33.6
2663,91.9,23.9,98.3,43.9
2664,84.6,6.6,90.7,46.7
2666,83.1,6.7,89.7,39.3
2667,85.6,25.3,93.5,52.6
2669,95.5,84.7,88.5,32
2670,77.2,89.9,92.1,48.3
2673,76.1,3.2,95.2,52.1
2674,93.4,96.6,97.7,33.4
2676,74.2,86.4,91.1,57.7
2680,94.4,22.6,95.6,46
2682,70.9,97.5,91.7,52.2
2683,78.4,94.4,91,57.2
2685,92.9,74.5,93.8,55.6
2686,99.1,7.4,93.3,44.7
2687,88.9,7.2,89.3,56.7
2691,97,3.9,95.1,46.9
2692,81,86.1,90.7,53.4
2693,94.4,17.5,95.2,44
2694,97.3,19.4,94.6,77.2
2695,98.3,15.6,92.9,49.9
2696,98.1,72.5,98.5,53.7
2697,94.7,24.2,92.9,56.1
2699,81.5,82.6,87.3,73.9
2700,91.2,5.3,82,57.5
2701,93.4,94.1,95,50.4
2702,84.1,7.6,89.3,38.6
2703,85.8,87.8,92.2,47.6
2706,87,13.1,91.9,58.7
2708,90.6,6.7,90.5,66.3
2709,69.2,96.5,82.2,47.5
2711,74.7,86,89.5,27.9
2712,88,86.9,88.8,36.9
2713,89.4,12.9,89.3,66.6
2715,70.3,98.6,87.5,60
2716,95.3,17.7,94.8,49.6
2717,92.7,83.5,90.9,58.7
2718,84.3,6.1,92.1,44.6
2720,80.4,88.1,89.4,58.5
2722,96.9,82.6,94.6,52.2
2723,82.9,10,88.4,53
2724,92.1,10.9,94.5,58.5
2726,95.2,12.9,92.6,46.6
2729,85.7,2.9,91.6,39.4
2730,95.6,18.5,94.8,44.3
2733,92.4,15.9,91.8,22.5
2734,96.7,12.6,89.3,43.7
2735,91,4.9,90.4,76.4
